City_ID,City,Lat,Lng,Max Temp,Humidity,Cloudiness,Wind Speed,Country,Date
0,albany,42.6001,-73.9662,8.84,84,64,0.45,US,1707613827
1,avarua,-21.2078,-159.775,29.03,70,75,6.17,CK,1707614031
2,trujillo,-8.116,-79.03,23.98,83,40,5.14,PE,1707613872
3,polyarnyy,69.1989,33.4478,-11.07,92,100,2.21,RU,1707614031
4,saguenay,48.4168,-71.0657,1.16,94,98,2.67,CA,1707613968
5,hawaiian paradise park,19.5933,-154.9731,26.69,71,0,4.63,US,1707614032
6,adamstown,-25.066,-130.1015,25.45,88,96,12.49,PN,1707614032
7,kindu,-2.95,25.95,21.87,88,100,1.58,CD,1707614032
8,margate,51.3813,1.3862,7.39,95,100,3.44,GB,1707614032
9,vorgashor,67.5833,63.95,-26.62,100,100,2.2,RU,1707614032
10,port-aux-francais,-49.35,70.2167,8.15,97,100,11.96,TF,1707614032
11,sisimiut,66.9395,-53.6735,-19.08,89,100,3.58,GL,1707614032
12,katsuura,35.1333,140.3,9.03,54,97,4.79,JP,1707613946
13,thompson,55.7435,-97.8558,-16.91,92,75,0.0,CA,1707614032
14,constantia,44.1833,28.65,12.61,62,100,5.3,RO,1707614032
15,saint-francois,46.4154,3.9054,5.93,87,100,2.06,FR,1707614033
16,saint-philippe,-21.3585,55.7679,24.77,93,91,2.33,RE,1707614033
17,kone,-21.0595,164.8658,30.28,61,60,3.63,NC,1707614033
18,chahar burj,34.2448,62.1917,9.1,29,100,2.49,AF,1707614033
19,mont-laurier,46.5501,-75.4993,2.79,98,100,2.61,CA,1707614033
20,tangalle,6.024,80.7911,23.09,73,100,5.93,LK,1707614033
21,neiafu,-18.65,-173.9833,28.4,75,100,1.84,TO,1707614033
22,margaret river,-33.95,115.0667,22.06,69,6,5.55,AU,1707614033
23,ilulissat,69.2167,-51.1,-14.99,43,100,5.66,GL,1707614033
24,dudinka,69.4058,86.1778,-30.74,94,77,2.24,RU,1707614034
25,westport,41.1415,-73.3579,12.23,81,100,2.57,US,1707614030
26,vilyuchinsk,52.9306,158.4028,-7.85,63,57,3.57,RU,1707614034
27,utrik,11.2278,169.8474,26.07,70,100,9.05,MH,1707614034
28,waitangi,-43.9535,-176.5597,17.68,88,0,4.02,NZ,1707614034
29,olonkinbyen,70.9221,-8.7187,-3.35,64,100,5.96,SJ,1707614034
30,luanda,-8.8368,13.2343,27.0,89,75,0.0,AO,1707614034
31,petropavlovsk-kamchatsky,53.0452,158.6483,-8.67,32,0,7.0,RU,1707614034
32,kailua-kona,19.6406,-155.9956,25.98,78,40,3.09,US,1707613879
33,ust-nera,64.5667,143.2,-32.23,99,100,1.19,RU,1707614034
34,gillette,44.2911,-105.5022,-3.36,73,75,2.57,US,1707614035
35,tazovsky,67.4667,78.7,-21.19,97,95,4.38,RU,1707614035
36,wailua homesteads,22.0669,-159.378,26.24,78,75,3.09,US,1707614035
37,halifax,44.6453,-63.5724,3.03,98,100,0.89,CA,1707613371
38,edinburgh of the seven seas,-37.0676,-12.3116,18.68,92,100,8.84,SH,1707614035
39,puerto aysen,-45.4,-72.7,14.19,96,95,2.21,CL,1707614035
40,iwye,53.9299,25.7727,0.22,92,100,4.46,BY,1707613832
41,uturoa,-16.7333,-151.4333,27.34,89,100,11.12,PF,1707614035
42,port mathurin,-19.6833,63.4167,26.92,83,100,10.25,MU,1707614035
43,moa,20.6569,-74.9403,24.48,66,60,7.08,CU,1707614035
44,ribeira grande,38.5167,-28.7,17.1,93,44,7.15,PT,1707614035
45,olyokminsk,60.3736,120.4264,-21.91,98,100,1.37,RU,1707614035
46,novo aripuana,-5.1206,-60.3797,26.7,81,100,2.36,BR,1707614035
47,port lincoln,-34.7333,135.8667,27.81,35,0,3.0,AU,1707614036
48,isafjordur,66.0755,-23.124,-2.49,81,100,4.22,IS,1707614036
49,st. john's,47.5649,-52.7093,-2.4,92,100,6.69,CA,1707614036
50,grytviken,-54.2811,-36.5092,3.17,85,21,8.86,GS,1707614036
51,gurupi,-11.7292,-49.0686,21.99,97,100,2.8,BR,1707614036
52,santiago de cao,-7.9589,-79.2392,24.07,83,40,5.14,PE,1707614036
53,ust'-ilimsk,58.0006,102.6619,-4.76,88,100,2.68,RU,1707613898
54,hirara,24.8,125.2833,17.39,56,0,7.47,JP,1707614036
55,longyearbyen,78.2186,15.6401,-5.09,80,75,4.12,SJ,1707614036
56,malango,-2.9627,119.9001,24.13,88,100,0.7,ID,1707614036
57,bethel,41.3712,-73.414,11.53,86,75,0.0,US,1707614037
58,stanley,54.868,-1.6985,5.29,88,100,1.41,GB,1707614037
59,yibin,28.7667,104.6238,10.39,69,7,0.27,CN,1707614037
60,benguela,-12.5763,13.4055,27.38,77,100,0.72,AO,1707614037
61,revda,56.801,59.9303,-18.08,94,100,6.28,RU,1707614037
62,bilibino,68.0546,166.4372,-30.65,98,100,0.91,RU,1707614037
63,fang,19.9169,99.2145,19.78,83,93,0.67,TH,1707614037
64,mabaruma,8.2,-59.7833,23.07,95,5,1.11,GY,1707614037
65,kalifornsky,60.4183,-151.29,4.19,67,20,3.09,US,1707614037
66,bandar lampung,-5.4254,105.258,25.62,86,99,1.36,ID,1707614038
67,puerto natales,-51.7236,-72.4875,10.8,89,100,1.84,CL,1707614038
68,kulhudhuffushi,6.6221,73.07,28.05,72,15,5.62,MV,1707614038
69,aanekoski,62.6946,25.818,-22.4,100,100,1.23,FI,1707614038
70,whitehorse,60.7161,-135.0538,1.43,64,20,9.26,CA,1707613566
71,hasaki,35.7333,140.8333,8.22,45,100,5.62,JP,1707614038
72,bria,6.5423,21.9863,24.0,30,100,1.57,CF,1707614038
73,guerrero negro,27.9769,-114.0611,15.51,65,5,8.0,MX,1707614038
74,sinabang,2.4803,96.3801,27.64,78,100,1.68,ID,1707614038
75,manay,7.215,126.5397,26.29,88,82,5.54,PH,1707614038
76,pemangkat,1.1667,108.9667,26.91,83,28,9.45,ID,1707614038
77,kapuskasing,49.4169,-82.4331,-5.11,91,100,3.33,CA,1707614038
78,ushuaia,-54.8,-68.3,9.42,90,98,1.21,AR,1707613879
79,lushun,38.8,121.2667,2.12,67,0,9.21,CN,1707614038
80,iqaluit,63.7506,-68.5145,-25.17,69,100,0.89,CA,1707614039
81,mersa matruh,31.3525,27.2453,15.84,72,8,5.67,EG,1707614039
82,masvingo,-20.0637,30.8277,20.6,74,83,4.73,ZW,1707614039
83,chonchi,-42.6128,-73.8092,12.95,99,100,1.05,CL,1707614039
84,la ronge,55.1001,-105.2842,-14.38,96,100,2.28,CA,1707614039
85,sinop,41.7711,34.8709,9.12,65,100,4.77,TR,1707614039
86,yellowknife,62.456,-114.3525,-12.55,97,100,6.39,CA,1707614039
87,rovinj,45.08,13.64,13.27,95,100,7.41,HR,1707614039
88,blackmans bay,-43.0167,147.3167,22.07,47,64,0.45,AU,1707614039
89,bairnsdale,-37.8333,147.6167,29.47,52,0,0.45,AU,1707614039
90,gunjur,13.2019,-16.7339,23.04,60,0,0.0,GM,1707614040
91,san pedro pochutla,15.7333,-96.4667,26.84,79,39,2.84,MX,1707614040
92,kerikeri,-35.2268,173.9474,26.62,48,0,0.89,NZ,1707614040
93,bredasdorp,-34.5322,20.0403,16.99,77,97,2.67,ZA,1707614040
94,brigantine,39.4101,-74.3646,11.68,88,0,1.54,US,1707614040
95,papatowai,-46.5619,169.4708,12.64,59,100,2.76,NZ,1707614040
96,hamilton,39.1834,-84.5333,10.61,72,100,3.09,US,1707614040
97,wenchang,30.904,118.4887,9.42,73,0,1.62,CN,1707614040
98,rio grande,-32.035,-52.0986,24.97,91,100,5.65,BR,1707613969
99,tukrah,32.5341,20.5791,17.7,31,100,13.8,LY,1707614040
100,badger,64.8,-147.5333,-8.33,85,0,1.54,US,1707614041
101,tatarsk,55.219,75.9828,-20.49,95,60,5.29,RU,1707614041
102,tyukhtet,56.5389,89.3011,-12.06,86,100,6.57,RU,1707614041
103,snyder,32.7179,-100.9176,10.19,71,0,7.2,US,1707614041
104,arraial do cabo,-22.9661,-42.0278,25.72,82,11,8.51,BR,1707614041
105,banda aceh,5.5577,95.3222,26.42,76,69,5.38,ID,1707614041
106,colares,38.7992,-9.4469,12.41,81,100,3.13,PT,1707614042
107,tsagan aman,47.5639,46.7218,-2.35,96,100,6.98,RU,1707614042
108,wuwei,37.9281,102.6414,-3.1,47,6,2.16,CN,1707614042
109,kimberley,-28.7323,24.7623,15.83,55,0,2.06,ZA,1707614042
110,colonia,50.9333,6.95,10.46,90,0,2.06,DE,1707614042
111,west island,-12.1568,96.8225,28.99,74,89,5.66,CC,1707614042
112,qaqortoq,60.7167,-46.0333,-26.78,92,0,4.32,GL,1707614042
113,gebeit,21.0667,36.3167,14.96,78,0,1.3,SD,1707614043
114,cidreira,-30.1811,-50.2056,24.98,91,100,7.16,BR,1707614043
115,lebu,-37.6167,-73.65,14.86,89,80,5.61,CL,1707614043
116,lazaro cardenas,17.9583,-102.2,24.19,79,5,3.64,MX,1707614043
117,hadibu,12.65,54.0333,25.21,71,10,4.89,YE,1707614043
118,kenema,7.8767,-11.1875,23.61,98,82,0.85,SL,1707614044
119,mili,6.0815,171.735,27.82,80,62,9.1,MH,1707614044
120,new norfolk,-42.7826,147.0587,22.73,35,16,1.0,AU,1707614044
121,grand falls-windsor,48.9332,-55.6649,-8.18,93,19,2.33,CA,1707614044
122,colimes,-1.55,-80.0167,25.52,89,37,2.06,EC,1707614044
123,tiksi,71.6872,128.8694,-27.96,100,100,2.37,RU,1707614045
124,puerto baquerizo moreno,-0.9,-89.6,26.3,83,8,2.86,EC,1707614045
125,viedma,-40.8135,-62.9967,19.87,84,0,3.58,AR,1707614045
126,haiku-pauwela,20.9219,-156.3051,27.01,67,20,6.17,US,1707614045
127,san luis,-33.295,-66.3356,23.47,67,14,6.64,AR,1707613909
128,ingeniero guillermo n. juarez,-23.9,-61.85,26.72,73,100,3.51,AR,1707614045
129,aasiaat,68.7098,-52.8699,-20.02,99,100,3.43,GL,1707614045
130,kiunga,-6.1219,141.2906,32.63,59,78,0.13,PG,1707614046
131,naze,28.3667,129.4833,13.78,52,6,6.43,JP,1707614046
132,port elizabeth,-33.918,25.5701,14.62,81,0,2.06,ZA,1707614046
133,punta arenas,-53.15,-70.9167,15.06,51,0,4.12,CL,1707614046
134,fale old settlement,-9.3852,-171.2468,27.5,87,100,9.03,TK,1707614046
135,north bend,43.4065,-124.2243,13.47,87,75,2.57,US,1707614046
136,tolanaro,-25.0319,46.9987,24.18,94,83,1.3,MG,1707614046
137,at taraf,25.3628,49.725,15.3,66,100,2.46,SA,1707614046
138,lompoc,34.6391,-120.4579,14.45,66,0,6.69,US,1707614046
139,anadyr,64.75,177.4833,-22.72,76,20,5.0,RU,1707614046
140,umm kaddadah,13.6017,26.6876,18.17,17,0,5.51,SD,1707614046
141,addison,41.9317,-87.989,3.87,68,75,2.06,US,1707614047
142,brak,27.5496,14.2714,14.4,18,100,1.29,LY,1707614047
143,kalabo,-14.97,22.6814,23.56,60,100,0.42,ZM,1707614047
144,butembo,0.15,29.2833,16.91,65,98,1.59,CD,1707614047
145,kapa'a,22.0752,-159.319,26.99,77,75,3.09,US,1707614047
146,camalu,30.85,-116.0667,14.81,70,8,5.54,MX,1707614047
147,qulsary,46.9531,54.0198,-5.88,87,100,4.32,KZ,1707614047
148,n'zeto,-7.2312,12.8666,28.22,80,100,4.43,AO,1707614047
149,sarangani,5.4033,125.4636,27.38,76,84,9.09,PH,1707614047
150,cockburn town,21.4612,-71.1419,24.51,60,100,9.11,TC,1707614047
151,zheleznodorozhnyy,55.7503,38.0042,-12.58,98,100,2.24,RU,1707614048
152,hermanus,-34.4187,19.2345,15.45,77,40,5.19,ZA,1707614048
153,san pedro,14.35,121.0167,28.53,69,4,4.47,PH,1707614048
154,qujing,25.4833,103.7833,5.76,58,97,1.36,CN,1707614048
155,slave lake,55.2834,-114.769,-1.5,82,58,4.03,CA,1707614048
156,spring creek,40.7266,-115.5859,-3.17,87,62,0.31,US,1707614048
157,vilyuysk,63.7553,121.6247,-30.0,95,100,4.02,RU,1707614048
158,college,64.8569,-147.8028,-8.28,82,20,1.54,US,1707614048
159,kyren,51.6828,102.1408,-4.47,71,100,1.79,RU,1707614048
160,oranjemund,-28.55,16.4333,17.12,90,51,4.82,NA,1707614048
161,nova sintra,14.8667,-24.7167,21.47,70,0,5.97,CV,1707614049
162,harper,4.375,-7.7169,26.64,86,0,2.89,LR,1707614049
163,flying fish cove,-10.4217,105.6791,26.82,89,62,0.0,CX,1707614049
164,severo-yeniseyskiy,60.3725,93.0408,-13.57,92,100,3.13,RU,1707614049
165,ulety,51.3572,112.4849,-10.19,86,100,1.59,RU,1707614049
166,huarmey,-10.0681,-78.1522,25.49,77,82,4.49,PE,1707614049
167,san patricio,28.017,-97.5169,21.05,91,100,3.4,US,1707614049
168,camiri,-20.05,-63.5167,22.8,95,100,1.21,BO,1707614050
169,trinity beach,-16.7888,145.6968,33.34,55,85,5.66,AU,1707614050
170,kidal,18.4411,1.4078,20.2,9,0,1.1,ML,1707614050
171,yelizovo,53.1873,158.3805,-7.92,32,0,7.0,RU,1707614050
172,bishkul,54.7803,69.1033,-22.08,98,42,4.53,KZ,1707614050
173,tura,25.5198,90.2201,13.42,55,0,1.64,IN,1707614050
174,pisco,-13.7,-76.2167,25.03,78,75,8.23,PE,1707614050
175,maraba,-5.3686,-49.1178,25.1,100,0,0.0,BR,1707614051
176,east london,-33.0153,27.9116,19.12,72,90,1.31,ZA,1707614051
177,kodiak,57.79,-152.4072,2.73,70,0,5.66,US,1707614051
178,tazacorte,28.629,-17.9293,18.97,91,0,2.06,ES,1707614051
179,fort bragg,35.139,-79.006,19.34,71,100,3.09,US,1707614051
180,ceylanpinar,36.8472,40.05,10.12,77,7,3.68,TR,1707614051
181,belo sur tsiribihina,-19.7,44.55,25.03,94,100,0.7,MG,1707614051
182,les avirons,-21.2418,55.3394,24.03,73,0,3.09,RE,1707614051
183,minas de marcona,-15.2119,-75.1103,20.27,80,52,6.19,PE,1707614051
184,posto fiscal rolim de moura,-13.0833,-62.2667,24.17,96,90,1.35,BR,1707614052
185,nouadhibou,20.931,-17.0347,19.99,88,20,7.72,MR,1707614052
186,turpan,42.9333,89.1667,1.3,56,17,0.69,CN,1707614052
187,saipan,15.1355,145.701,29.39,65,40,9.26,MP,1707614052
188,la palma,33.8464,-118.0467,18.49,41,0,4.12,US,1707614052
189,puerto ayora,-0.7393,-90.3518,25.86,96,100,0.45,EC,1707613755
190,cabo san lucas,22.8909,-109.9124,20.61,61,0,6.69,MX,1707613513
191,bathsheba,13.2167,-59.5167,26.34,78,20,6.17,BB,1707614052
192,ambon,-3.6954,128.1814,32.08,95,40,4.12,ID,1707614052
193,sol'tsy,58.1239,30.3238,-11.12,89,98,2.6,RU,1707614052
194,visakhapatnam,17.69,83.2093,22.94,94,40,1.03,IN,1707614052
195,carutapera,-1.195,-46.02,28.57,76,100,6.47,BR,1707614052
196,mar del plata,-38.0023,-57.5575,24.49,99,42,2.24,AR,1707614052
197,cromwell,41.5951,-72.6454,11.38,89,100,2.57,US,1707614053
198,elliot lake,46.3834,-82.6331,-3.21,83,100,4.63,CA,1707614053
199,ceerigaabo,10.6162,47.368,13.15,85,9,2.14,SO,1707614053
200,santo antonio,-6.3106,-35.4789,25.35,85,94,4.06,BR,1707613886
201,prince rupert,54.3161,-130.3201,4.02,91,52,1.59,CA,1707613810
202,praia da vitoria,38.7333,-27.0667,17.09,99,77,7.74,PT,1707614053
203,port alfred,-33.5906,26.891,15.1,93,30,2.6,ZA,1707614053
204,lucas,41.6501,-83.6666,4.08,72,100,5.14,US,1707614053
205,youssoufia,32.2463,-8.5294,13.09,94,95,1.14,MA,1707614053
206,cromer,52.9312,1.2989,8.16,99,100,3.07,GB,1707614053
207,daru,-9.0763,143.2092,31.57,59,96,2.13,PG,1707614054
208,broome,42.2506,-75.833,8.36,94,40,2.06,US,1707614054
209,luderitz,-26.6481,15.1594,17.71,76,0,6.18,NA,1707614054
210,marsala,37.7966,12.4352,14.41,82,100,12.03,IT,1707614054
211,nuuk,64.1835,-51.7216,-12.66,61,75,7.2,GL,1707614054
212,onguday,50.75,86.15,2.62,74,100,6.67,RU,1707614054
213,mayna,54.1135,47.6231,-24.04,100,96,0.69,RU,1707614054
214,letlhakeng,-24.0944,25.0298,24.43,53,86,1.59,BW,1707614054
215,enewetak,11.3474,162.3373,26.45,78,72,9.97,MH,1707614054
216,port augusta,-32.5,137.7667,31.94,23,0,2.35,AU,1707614055
217,remire-montjoly,4.9167,-52.2667,27.02,83,20,1.03,GF,1707614055
218,nuku'alofa,-21.1333,-175.2,27.79,78,86,5.64,TO,1707614055
219,fortaleza,-3.7227,-38.5247,28.93,97,75,1.54,BR,1707614055
220,levuka,50.1834,-105.4011,-11.94,93,59,2.72,CA,1707614055
221,vila velha,-20.3297,-40.2925,23.97,95,75,4.63,BR,1707614055
222,jamestown,42.097,-79.2353,3.77,86,40,3.6,US,1707614025
223,pucallpa,-8.3791,-74.5539,27.02,78,40,3.6,PE,1707614055
224,atuntaqui,0.3333,-78.2167,13.86,92,12,1.59,EC,1707614055
225,cu chi,10.9667,106.4667,25.01,59,6,3.53,VN,1707614055
226,alofi,-19.0595,-169.9187,27.57,80,100,6.01,NU,1707614055
227,weinan,34.5036,109.5089,3.74,52,0,1.87,CN,1707614056
228,penugonda,16.6667,81.7333,19.73,96,3,2.52,IN,1707614056
229,aktau,43.65,51.2,2.32,73,98,3.27,KZ,1707614056
230,jingdezhen,29.2947,117.2079,9.5,78,0,0.75,CN,1707614056
231,kirakira,-10.4544,161.9205,28.74,77,100,6.51,SB,1707614056
232,castelsarrasin,44.0833,1.0,8.98,82,97,8.88,FR,1707614056
233,villa regina,-39.1,-67.0667,28.09,37,8,2.4,AR,1707614056
234,sagar,23.8333,78.7167,12.1,41,0,2.97,IN,1707614056
235,marang,5.2056,103.2059,25.07,85,84,2.2,MY,1707614056
236,mukalla,14.5425,49.1242,22.85,76,90,1.72,YE,1707614057
237,langres,47.8333,5.3333,5.11,87,100,4.89,FR,1707614057
238,xunchang,28.4543,104.715,9.79,67,10,0.31,CN,1707614057
239,parry sound,45.3501,-80.033,2.03,75,99,5.47,CA,1707614057
240,homer,59.6425,-151.5483,3.22,80,100,4.47,US,1707613814
241,argo,37.6333,22.7333,12.39,71,100,3.67,GR,1707614057
242,belle chasse,29.8549,-89.9906,22.99,84,20,5.14,US,1707614057
243,zaigrayevo,51.8336,108.2703,-17.92,98,100,0.63,RU,1707614057
244,chul'man,56.8479,124.9104,-24.43,100,100,2.21,RU,1707614057
245,tidjikja,18.5564,-11.4271,22.92,9,0,4.91,MR,1707614058
246,prince edward,44.0001,-77.2495,4.97,73,35,2.68,CA,1707614058
247,invercargill,-46.4,168.35,13.34,71,100,4.47,NZ,1707614058
248,lerwick,60.1545,-1.1494,4.0,96,100,13.02,GB,1707614058
249,palmas,-10.2128,-48.3603,23.93,94,75,1.03,BR,1707614058
250,sao jose da coroa grande,-8.8978,-35.1478,26.33,82,100,3.73,BR,1707614058
251,san clemente del tuyu,-36.3569,-56.7235,23.32,94,4,3.23,AR,1707614058
252,weno,7.4515,151.8468,29.97,70,75,6.17,FM,1707614058
253,catabola,-12.15,17.2833,17.29,94,100,0.69,AO,1707614059
254,kyakhulay,42.9684,47.483,11.36,47,21,1.79,RU,1707614059
255,ola,59.5833,151.2833,-21.79,74,100,3.57,RU,1707614059
256,palmer,42.1584,-72.3287,10.23,82,40,0.0,US,1707614059
257,quellon,-43.1167,-73.6167,12.1,90,100,1.97,CL,1707614059
258,porto novo,6.4965,2.6036,26.17,91,84,3.66,BJ,1707614059
259,berbera,10.4396,45.0143,25.23,82,0,2.69,SO,1707614059
260,vadso,70.0744,29.7487,-12.91,85,100,6.69,NO,1707614059
261,otjiwarongo,-20.4637,16.6477,21.61,70,100,1.69,NA,1707614059
262,ancud,-41.8697,-73.8203,12.94,92,90,2.82,CL,1707614060
263,kyshtovka,56.555,76.6271,-17.03,94,100,4.02,RU,1707614060
264,san andres,12.5847,-81.7006,26.93,76,14,7.92,CO,1707614060
265,newman,37.3138,-121.0208,13.41,60,0,1.79,US,1707614060
266,clinton,42.587,-82.9199,3.29,72,100,6.17,US,1707614060
267,castillos,-34.1667,-53.8333,23.26,96,99,4.42,UY,1707614060
268,fortuna,40.5982,-124.1573,12.18,87,0,2.06,US,1707614060
269,ouargla,31.9493,5.325,15.53,38,7,3.36,DZ,1707614060
270,sebastopol,44.6,33.5333,11.67,57,100,2.24,UA,1707614060
271,kolonia town,6.964,158.206,31.06,70,75,6.17,FM,1707614061
272,kachug,53.9606,105.8817,-10.3,95,100,0.61,RU,1707614061
273,namsos,64.4662,11.4957,-6.97,67,19,8.23,NO,1707614061
274,stansbury park,40.6377,-112.2961,1.85,70,100,3.09,US,1707614061
275,broken hill,-31.95,141.4333,31.16,27,6,4.05,AU,1707613864
276,saint-joseph,-21.3667,55.6167,24.21,83,89,4.39,RE,1707614061
277,sorong,-0.8833,131.25,29.05,73,68,3.75,ID,1707614061
278,jackson,42.4165,-122.8345,12.23,61,0,0.89,US,1707614020
279,mount isa,-20.7333,139.5,33.87,43,13,2.57,AU,1707614061
280,sinan,34.8262,126.1086,6.02,62,19,7.0,KR,1707614061
281,taltal,-25.4,-70.4833,21.31,82,24,2.11,CL,1707614061
282,egilsstadir,65.2653,-14.3948,-3.05,86,75,2.57,IS,1707614062
283,dunedin,-45.8742,170.5036,14.33,54,100,2.68,NZ,1707614062
284,georgetown,5.4112,100.3354,27.96,65,20,3.09,MY,1707614062
285,kamloops,50.6665,-120.3192,1.99,79,100,3.09,CA,1707614062
286,belyy yar,53.6039,91.3903,-1.06,86,0,5.0,RU,1707614062
287,odienne,9.51,-7.5692,24.84,15,0,0.91,CI,1707614062
288,beloyarskiy,63.7119,66.6722,-26.67,97,86,2.68,RU,1707614062
289,liwale,-9.7667,37.9333,22.49,99,100,1.77,TZ,1707614062
290,tsiombe,-25.3,45.4833,24.43,91,1,1.73,MG,1707614063
291,torghay,49.6339,63.4981,-19.68,95,6,3.31,KZ,1707614063
292,saldanha,-33.0117,17.9442,17.95,80,0,6.15,ZA,1707614063
293,nishinoomote,30.7333,131.0,12.33,62,80,9.65,JP,1707614063
294,atafu village,-8.5421,-172.5159,27.46,85,100,8.77,TK,1707614063
295,acapulco de juarez,16.8634,-99.8901,26.9,74,20,6.69,MX,1707613821
296,lospalos,-8.5186,127.0025,27.39,75,93,5.78,TL,1707614063
297,al qubbah,32.7616,22.2424,11.97,38,100,11.27,LY,1707614063
298,lyantor,61.6195,72.1555,-21.7,96,95,6.69,RU,1707614064
299,colonia menno,-22.3667,-59.8167,25.98,80,100,5.32,PY,1707614064
300,mount gambier,-37.8333,140.7667,27.87,27,0,1.85,AU,1707614064
301,mejit,10.2753,170.8646,26.28,74,100,8.52,MH,1707614064
302,altpinar,39.2042,32.7478,5.92,77,100,2.73,TR,1707614064
303,aral,40.5156,81.2636,0.05,52,15,2.62,CN,1707614064
304,laguna larga,-31.7765,-63.801,25.22,74,22,2.86,AR,1707614064
305,mao,39.8885,4.2658,9.31,93,40,2.06,ES,1707613817
306,guatire,10.4762,-66.5427,22.97,96,41,1.54,VE,1707614064
307,kingston,17.997,-76.7936,24.56,82,88,0.45,JM,1707613792
308,guozhen,34.3659,107.359,5.11,49,0,0.49,CN,1707614065
309,sitka,57.0531,-135.33,6.94,76,100,4.63,US,1707614065
310,wanning,18.8003,110.3967,17.42,72,100,4.75,CN,1707614065
311,gadzhiyevo,69.2551,33.3362,-8.24,80,100,4.37,RU,1707614065
312,madalena,41.2162,-8.3345,9.14,90,100,1.67,PT,1707614065
313,sao joao da barra,-21.6403,-41.0511,24.07,87,12,3.16,BR,1707614065
314,alamogordo,32.8995,-105.9603,5.12,82,100,3.6,US,1707613854
315,lihue,21.9789,-159.3672,26.58,77,75,3.09,US,1707614065
316,tomakomai,42.6369,141.6033,-1.57,86,75,5.14,JP,1707614065
317,udachny,66.4167,112.4,-40.31,58,100,1.8,RU,1707614065
318,paracatu,-17.2222,-46.8747,20.31,97,100,1.37,BR,1707614066
319,port moresby,-9.4431,147.1797,29.68,70,40,2.57,PG,1707614066
320,port macquarie,-31.4333,152.9167,23.83,85,56,5.21,AU,1707613867
321,morondava,-20.2833,44.2833,27.48,82,100,2.49,MG,1707614066
322,kalampaka,39.7044,21.6269,10.1,79,100,2.42,GR,1707614066
323,shijiazhuang,38.0414,114.4786,3.43,47,5,3.31,CN,1707614066
324,talnakh,69.4865,88.3972,-28.64,87,95,1.72,RU,1707614066
325,acarau,-2.8856,-40.12,25.91,88,100,4.27,BR,1707614066
326,santo antonio do ica,-3.1022,-67.9397,24.86,96,100,0.89,BR,1707614066
327,itoman,26.1247,127.6694,18.94,51,40,7.72,JP,1707614066
328,hotaka,36.3396,137.8825,3.06,74,7,0.7,JP,1707614067
329,buckhannon,38.994,-80.232,14.09,84,75,1.54,US,1707614067
330,plettenberg bay,-34.0527,23.3716,14.38,80,100,1.3,ZA,1707614067
331,vanimo,-2.6741,141.3028,29.12,73,100,0.91,PG,1707614067
332,francistown,-21.17,27.5079,21.93,80,13,8.94,BW,1707614067
333,sao vicente,-23.9631,-46.3919,27.75,49,61,3.58,BR,1707613921
334,dalandzadgad,43.5708,104.425,-11.82,72,0,2.4,MN,1707614067
335,mossel bay,-34.1831,22.146,18.21,72,95,3.99,ZA,1707614067
336,extrema,-22.8547,-46.3183,18.91,87,92,1.81,BR,1707614067
337,buldana,20.5333,76.1833,17.89,56,0,0.94,IN,1707614068
338,le port,-20.9373,55.2919,24.98,78,81,3.39,RE,1707613845
339,nemuro,43.3236,145.575,-3.05,91,100,7.53,JP,1707614068
340,palikir - national government center,6.9248,158.1611,30.47,70,75,6.17,FM,1707614068
341,caala,-12.8525,15.5606,16.05,94,100,0.25,AO,1707614068
342,brisas de zicatela,15.8369,-97.0419,27.29,61,40,2.57,MX,1707614068
343,sibolga,1.7427,98.7792,25.65,79,17,1.84,ID,1707614068
344,alice springs,-23.7,133.8833,32.75,38,52,4.63,AU,1707613954
345,albufeira,37.0882,-8.2503,12.79,83,100,0.58,PT,1707614068
346,kupang,-10.1667,123.5833,28.32,89,75,1.54,ID,1707614068
347,afaahiti,-17.75,-149.2833,25.93,92,100,15.85,PF,1707614068
348,ta`u,-14.2336,-169.5144,28.54,81,100,6.27,AS,1707614069
349,carnarvon,-24.8667,113.6333,32.91,36,0,5.02,AU,1707614069
350,keflavik,64.0049,-22.5624,1.24,80,75,8.75,IS,1707614069
351,wiset chaichan,14.5945,100.3382,23.99,46,72,5.68,TH,1707614069
352,mwinilunga,-11.7358,24.4293,17.11,99,100,1.9,ZM,1707614069
353,xiongzhou,25.1167,114.3,11.17,60,0,1.29,CN,1707614069
354,saudarkrokur,65.7461,-19.6394,-7.7,85,100,2.86,IS,1707614069
355,celestun,20.8667,-90.4,23.47,83,11,4.22,MX,1707614069
356,valandovo,41.3169,22.5611,10.97,74,100,3.48,MK,1707614070
357,bhimunipatnam,17.8833,83.4333,22.73,86,8,2.77,IN,1707614070
358,dwarka,22.2394,68.9678,20.92,51,0,5.75,IN,1707614070
359,boyabat,41.4689,34.7667,9.48,68,100,0.33,TR,1707614070
360,timbuktu,16.7735,-3.0074,22.02,8,0,2.74,ML,1707614070
361,iskateley,67.6803,53.1512,-27.21,100,95,3.13,RU,1707614070
362,north haven,41.3909,-72.8595,11.57,88,100,0.45,US,1707614070
363,ushtobe,45.2514,77.9838,0.78,68,100,3.36,KZ,1707614070
364,at taj,24.2049,23.2857,13.01,25,0,3.37,LY,1707614070
365,selfoss,63.9331,-20.9971,-4.76,85,100,4.09,IS,1707614071
366,ar rutbah,33.0381,40.2848,8.79,76,2,2.7,IQ,1707614071
367,port hedland,-20.3167,118.5667,36.03,34,0,4.63,AU,1707614071
368,manokwari,-0.8667,134.0833,28.34,72,90,2.55,ID,1707614071
369,makurazaki,31.2667,130.3167,11.1,58,100,8.06,JP,1707614071
370,necochea,-38.5473,-58.7368,20.79,91,100,4.43,AR,1707614071
371,troisdorf,50.8167,7.1667,10.62,89,0,2.06,DE,1707614072
372,bodo,67.28,14.405,-5.13,68,20,6.69,NO,1707614072
373,chinde,26.8418,88.0763,3.17,47,0,2.04,NP,1707614072
374,machico,32.7,-16.7667,20.95,88,40,1.03,PT,1707614072
375,mogocha,53.7333,119.7667,-18.36,97,100,1.49,RU,1707614072
376,vilhena,-12.7406,-60.1458,22.22,96,100,0.98,BR,1707614072
377,kristiansund,63.1115,7.732,-4.64,58,75,2.57,NO,1707614072
378,martuk,50.7475,56.5056,-25.63,100,93,1.61,KZ,1707614072
379,altay,47.8667,88.1167,-2.82,87,100,1.2,CN,1707614073
380,tyumen,57.1522,65.5272,-17.95,84,0,4.0,RU,1707613881
381,itaituba,-4.2761,-55.9836,25.85,81,98,1.93,BR,1707614073
382,spalding,33.2668,-84.2833,16.02,92,100,0.0,US,1707614073
383,tarawa,1.419,172.984,30.05,79,75,4.63,KI,1707614073
384,nikolayevsk-on-amure,53.1406,140.73,-15.56,86,33,0.95,RU,1707614073
385,fernandopolis,-20.2839,-50.2464,24.8,51,5,3.86,BR,1707614073
386,datong,40.0936,113.2914,-10.06,88,33,0.7,CN,1707614073
387,cardigan,52.0847,-4.6591,9.94,90,99,2.73,GB,1707614073
388,south hedland,-20.4089,118.5983,35.96,34,0,4.63,AU,1707614073
389,ciudad tula,23.0,-99.7167,21.55,36,100,2.15,MX,1707614073
390,hutchinson,38.0608,-97.9298,2.55,79,100,4.12,US,1707613939
391,zhouzhuang,31.1161,120.8451,8.97,72,0,2.95,CN,1707614074
392,al hufuf,25.3646,49.5653,15.19,72,0,3.6,SA,1707614074
393,boca suno,-0.7167,-77.1333,23.44,96,9,0.9,EC,1707613823
394,nur-sultan,51.1801,71.446,-17.03,92,40,4.0,KZ,1707614074
395,likasi,-10.9814,26.7333,17.19,96,100,1.21,CD,1707614074
396,sao felix do xingu,-6.6447,-51.995,22.07,99,100,1.01,BR,1707614074
397,williamston,35.8546,-77.0555,19.95,79,100,3.11,US,1707613776
398,horta,38.5333,-28.6333,16.68,93,59,7.15,PT,1707614074
399,bayanhongor,46.7167,100.1167,-19.89,77,3,1.48,MN,1707614074
400,susuman,62.7833,148.1667,-28.9,98,100,0.89,RU,1707614074
401,puerto ayacucho,5.6639,-67.6236,29.35,57,61,1.54,VE,1707614075
402,tokoroa,-38.2333,175.8667,21.78,27,3,1.96,NZ,1707614075
403,morehead city,34.7229,-76.726,18.01,86,40,6.17,US,1707614043
404,al wajh,26.2455,36.4525,15.97,51,0,2.06,SA,1707614075
405,baruun-urt,46.6806,113.2792,-14.26,89,16,5.12,MN,1707614075
406,vel'sk,61.0701,42.0983,-23.56,100,99,1.61,RU,1707614075
407,richmond,37.5538,-77.4603,15.51,91,75,3.6,US,1707614075
408,siilinjarvi,63.0833,27.6667,-22.99,84,100,0.51,FI,1707614076
409,bengkulu,-3.8004,102.2655,23.93,89,100,1.19,ID,1707614076
410,tralee,52.2704,-9.7026,7.45,87,96,7.17,IE,1707614076
411,san fernando de apure,7.8878,-67.4724,29.44,50,45,1.89,VE,1707614076
412,souq larb'a al gharb,34.6866,-6.0027,13.38,91,99,1.48,MA,1707614076
413,orangeburg,33.4918,-80.8557,18.98,77,100,0.0,US,1707614076
414,marijampole,54.5667,23.35,-0.51,94,100,4.34,LT,1707614076
415,kotputli,27.7167,76.2,9.15,40,0,0.89,IN,1707614076
416,preobrazheniye,42.9019,133.9064,-3.98,49,100,1.67,RU,1707614076
417,khorixas,-20.3667,14.9667,26.39,56,100,2.92,NA,1707614077
418,kano,12.0001,8.5167,20.82,17,6,2.26,NG,1707613844
419,nagqu,31.5,92.0,-16.29,51,6,1.73,CN,1707614077
420,humen,22.819,113.6731,15.15,42,1,2.5,CN,1707614077
421,lambarene,-0.7001,10.2406,24.74,96,99,0.81,GA,1707614077
422,buncrana,55.1333,-7.45,4.8,91,76,2.74,IE,1707614077
423,zhezqazghan,47.7833,67.7667,-7.68,93,100,3.0,KZ,1707614077
424,usogorsk,63.4106,48.6872,-20.27,100,100,1.08,RU,1707614077
425,kudahuvadhoo,2.6708,72.8944,27.5,78,16,6.82,MV,1707614077
426,barabai,-2.5833,115.3833,24.26,98,100,0.31,ID,1707614077
427,bodaybo,57.8506,114.1933,-8.33,96,100,1.86,RU,1707614077
428,ambilobe,-13.2,49.05,23.48,96,100,0.86,MG,1707614078
429,pyhajarvi,67.0701,27.2176,-27.57,100,100,1.4,FI,1707614078
430,taoudenni,22.6783,-3.9836,23.36,10,100,3.21,ML,1707614078
431,laojunmiao,39.8333,97.7333,-4.96,26,7,1.11,CN,1707614078
432,san antonio de pale,-1.4014,5.6325,28.81,74,98,1.82,GQ,1707614078
433,falmouth,50.1544,-5.0711,9.5,87,100,8.23,GB,1707614078
434,ghat,24.9647,10.1728,18.57,13,34,3.96,LY,1707614078
435,morant bay,17.8815,-76.4093,24.28,72,31,5.35,JM,1707614078
436,antsohihy,-14.8796,47.9875,23.64,99,100,0.98,MG,1707614078
437,yorkton,51.2167,-102.4677,-8.09,73,100,1.03,CA,1707614078
438,barmer,25.75,71.3833,13.32,23,50,2.35,IN,1707614079
439,singkil,-7.9855,111.4161,27.01,80,96,1.54,ID,1707614079
440,san miguel de cauri,-10.1,-76.5833,8.0,88,100,2.86,PE,1707614079
441,rosetta,31.4044,30.4164,13.53,81,2,2.75,EG,1707614079
442,xai-xai,-25.0519,33.6442,25.5,67,55,8.37,MZ,1707614079
443,nar'yan-mar,67.6713,53.087,-27.16,100,93,3.13,RU,1707614079
444,portland,45.5234,-122.6762,11.53,75,40,2.57,US,1707614079
445,pacasmayo,-7.4006,-79.5714,25.32,78,98,5.81,PE,1707614079
446,tufanbeyli,38.2633,36.2206,1.93,94,69,1.13,TR,1707614080
447,victorica,-36.2151,-65.4359,24.28,56,4,1.0,AR,1707614080
448,camana,-16.6228,-72.7111,24.91,81,100,2.54,PE,1707614080
449,musoma,-1.5,33.8,20.47,84,5,2.73,TZ,1707614080
450,cidade velha,14.9167,-23.6167,22.26,73,0,5.66,CV,1707614080
451,burang,30.25,81.1667,-15.44,29,0,0.8,CN,1707614080
452,kolonia,50.9333,6.95,10.46,90,0,2.06,DE,1707614002
453,zaozersk,69.4005,32.4476,-11.3,81,100,2.17,RU,1707614080
454,peace river,56.2501,-117.286,-1.02,80,96,3.03,CA,1707614080
455,dul'durga,50.6761,113.5931,-9.34,77,100,1.79,RU,1707614080
456,mazagao,-0.115,-51.2894,28.03,97,95,1.63,BR,1707614080
457,nurota,40.5614,65.6886,10.39,41,100,3.6,UZ,1707614081
458,tres pontas,-21.3667,-45.5125,19.37,74,96,2.1,BR,1707614081
459,kalach,50.4258,41.0261,-4.22,96,100,6.1,RU,1707614081
460,francisco i. madero,29.7059,-107.8043,0.05,95,91,8.68,MX,1707614081
461,dara,15.3484,-15.4799,23.99,8,0,4.0,SN,1707614081
462,dryden,49.7833,-92.7503,-7.84,86,100,2.06,CA,1707614081
463,crane,31.3974,-102.3501,16.36,25,79,3.87,US,1707614081
464,yaren,-0.5472,166.916,28.71,74,100,3.91,NR,1707614081
465,nova vicosa,-17.8919,-39.3719,25.48,84,97,3.26,BR,1707614082
466,rovaniemi,66.5,25.7167,-20.33,84,100,1.54,FI,1707614082
467,prado,-17.3411,-39.2208,25.46,86,94,2.48,BR,1707614082
468,yenisehir,40.2644,29.6531,10.03,71,0,2.06,TR,1707614082
469,urucui,-7.2294,-44.5561,22.73,95,100,0.89,BR,1707613898
470,san ignacio,17.1561,-89.0714,25.08,78,0,0.0,BZ,1707614082
471,talara,-4.5772,-81.2719,26.42,83,40,5.66,PE,1707614082
472,eforie sud,44.0229,28.6494,12.67,68,100,6.46,RO,1707614082
473,portoferraio,42.8115,10.3146,12.51,88,100,7.13,IT,1707614082
474,naxos,37.1056,25.3764,16.84,77,100,4.92,GR,1707614082
475,valdivia,-39.8142,-73.2459,13.19,92,6,0.48,CL,1707613946
476,benque viejo el carmen,17.075,-89.1392,25.01,78,0,0.0,BZ,1707614082
477,mhamid,29.82,-5.72,17.18,33,76,2.99,MA,1707614082
478,rawson,-43.3002,-65.1023,22.04,56,100,5.78,AR,1707614083
479,chibougamau,49.9168,-74.3659,-0.21,86,100,2.57,CA,1707614083
480,sibay,52.7181,58.6658,-22.1,94,5,2.24,RU,1707614083
481,lethem,3.3803,-59.7968,29.39,53,10,4.75,GY,1707614083
482,goz beida,13.95,20.55,21.82,13,0,2.38,TD,1707614083
483,katpur,21.05,71.7833,19.48,34,0,5.23,IN,1707614083
484,pochinki,54.6988,44.8668,-22.87,100,100,1.14,RU,1707614083
485,el nido,11.1858,119.3956,26.69,75,16,5.12,PH,1707614083
486,thunder bay,48.4001,-89.3168,-5.02,79,62,3.52,CA,1707614083
487,fort stockton,30.894,-102.8793,18.75,21,0,0.0,US,1707614083
488,kuching,1.55,110.3333,28.4,93,40,2.68,MY,1707614012
489,katsina-ala,7.1667,9.2833,25.09,21,11,1.98,NG,1707614084
490,al burayqah,30.4062,19.5739,17.85,36,100,7.23,LY,1707614084
491,prince george,53.9166,-122.753,0.14,89,100,5.66,CA,1707614013
492,vila franca do campo,37.7167,-25.4333,18.27,99,100,8.11,PT,1707614084
493,sangmelima,2.9333,11.9833,21.02,84,99,0.74,CM,1707614084
494,kati,12.7441,-8.0726,22.67,12,0,0.94,ML,1707614084
495,mae hong son,19.3003,97.9685,19.4,63,80,0.22,TH,1707614084
496,hithadhoo,-0.6,73.0833,28.11,75,89,4.52,MV,1707614084
497,rampur,28.8167,79.0333,9.99,58,0,2.24,IN,1707614084
498,beyneu,45.3167,55.2,1.44,81,100,4.32,KZ,1707614084
499,novyy urengoy,66.0833,76.6333,-19.38,97,100,5.39,RU,1707614084
500,mexico,15.0646,120.7198,26.75,55,0,4.57,PH,1707613783
501,papao,-17.75,-149.55,26.82,92,100,14.18,PF,1707614085
502,as sulayyil,20.4607,45.5779,19.14,48,0,2.12,SA,1707614085
503,dambulla,7.86,80.6517,21.01,81,97,2.68,LK,1707614085
504,plymouth,41.8334,-70.8328,12.03,83,20,1.54,US,1707614085
505,vernon,50.2581,-119.2691,2.09,73,97,0.51,CA,1707614085
506,sao gabriel da cachoeira,-0.1303,-67.0892,25.54,85,62,0.87,BR,1707614085
507,kibaya,-5.3,36.5667,15.5,97,15,0.78,TZ,1707614085
508,lubang,13.8584,120.124,26.22,66,5,11.73,PH,1707614085
509,ulsteinvik,62.3432,5.8487,-1.49,58,100,2.24,NO,1707614085
510,yeppoon,-23.1333,150.7333,29.88,44,5,5.39,AU,1707614085
511,toccoa,34.5773,-83.3324,15.64,92,100,3.09,US,1707614085
512,belmonte,-15.8631,-38.8828,25.48,86,100,2.23,BR,1707614085
513,kununurra,-15.7667,128.7333,27.99,83,75,2.06,AU,1707614086
514,joacaba,-27.1781,-51.5047,22.71,72,81,1.56,BR,1707614086
515,jindabyne,-36.4167,148.6333,21.99,56,0,0.45,AU,1707614086
516,nandura buzurg,20.8333,76.45,19.84,57,0,1.21,IN,1707614086
517,antofagasta,-23.65,-70.4,21.52,80,100,2.08,CL,1707613968
518,tual,-5.6667,132.75,28.86,76,100,5.58,ID,1707614086
519,pelabuhanratu,-6.9875,106.5514,27.39,77,95,0.75,ID,1707614086
520,northam,51.0333,-4.2167,9.81,97,100,7.21,GB,1707614086
521,touros,-5.1989,-35.4608,27.94,81,100,9.16,BR,1707614086
522,harstad,68.799,16.5293,-1.58,93,54,8.49,NO,1707614086
523,awjilah,29.1081,21.2869,15.29,22,100,5.37,LY,1707614087
524,mirny,62.5353,113.9611,-27.81,97,100,5.35,RU,1707614087
525,sydney mines,46.2367,-60.2177,2.22,91,100,2.68,CA,1707614087
526,vallenar,-28.5708,-70.7581,22.55,68,0,1.2,CL,1707614087
527,upata,8.0086,-62.3989,26.22,73,6,3.24,VE,1707614087
528,kourou,5.1552,-52.6478,27.03,84,17,3.07,GF,1707614087
529,idrinskoye,54.3708,92.1358,-7.25,82,100,4.0,RU,1707614087
530,afif,23.9065,42.9172,13.41,45,0,5.29,SA,1707614087
531,wynne,35.2245,-90.7868,7.44,93,100,3.78,US,1707613906
532,illizi,26.4833,8.4667,19.47,9,100,3.28,DZ,1707614087
533,mahibadhoo,3.7833,72.9667,27.71,77,0,6.91,MV,1707614087
534,atar,20.5169,-13.0499,22.65,45,0,3.13,MR,1707614088
535,phnom penh,11.5625,104.916,24.95,65,20,5.66,KH,1707614025
536,lagoa,39.05,-27.9833,16.51,83,25,11.31,PT,1707614088
537,pariaman,-0.619,100.12,26.03,72,22,1.45,ID,1707614088
538,vung tau,10.346,107.0843,25.32,70,3,6.9,VN,1707614088
539,craig,40.5153,-107.5464,-6.03,73,0,2.06,US,1707613924
540,souillac,-20.5167,57.5167,26.21,83,75,2.57,MU,1707614088
541,korla,41.7597,86.1469,1.94,32,24,3.26,CN,1707614088
542,shahapur,19.45,73.3333,18.74,37,0,1.44,IN,1707614088
543,mpanda,-6.3655,31.0409,18.9,96,100,1.17,TZ,1707614088
544,port saint john's,-31.6229,29.5448,18.09,86,44,1.57,ZA,1707614088
545,ozu,33.5,132.55,6.21,67,88,5.05,JP,1707614088
546,nizhnesortymskiy,62.4397,71.7603,-21.55,96,100,7.0,RU,1707614088
547,zhanaozen,43.3,52.8,6.94,78,20,1.73,KZ,1707614089
548,pudozh,61.8099,36.5345,-22.25,100,64,1.34,RU,1707614089
549,malaya purga,56.5567,53.0043,-21.41,100,100,3.06,RU,1707614089
550,puerto madero,14.7208,-92.4215,25.11,78,20,1.03,MX,1707614089
551,dolbeau-mistassini,48.8763,-72.212,2.26,95,100,1.9,CA,1707614089
552,jinchang,38.4953,102.1739,-0.4,34,8,4.23,CN,1707614089
553,khandyga,62.6667,135.6,-38.99,97,65,0.73,RU,1707614090
554,valparaiso,-33.0393,-71.6273,17.8,77,0,4.12,CL,1707614090
555,matelandia,-25.2408,-53.9964,23.07,78,100,1.21,BR,1707614090
